eval_season,position,stat,n_games,stack_mae,stack_rmse,stack_crps,naive_mae,rolling_mae,coverage_80,coverage_50,baseline_improvement_pct
2019,QB,passing_yards,581,172.79720208273812,194.5298262234333,143.13590132075115,75.91991233879921,75.91991233879921,0.18760757314974183,0.03270223752151463,-127.60458588468278
2019,QB,passing_tds,581,0.7620997354004043,0.9829135812137407,0.6750796308606054,1.0887776331315124,1.0887776331315124,0.9862306368330465,0.8691910499139415,30.004097052538274
2019,QB,rushing_yards,581,11.418777522145312,14.84318700046431,8.039526264555617,11.556317986411962,11.556317986411962,0.9328743545611016,0.5163511187607573,1.1901754903972965
2020,QB,passing_yards,636,168.57832871515072,192.4597211999829,139.9815776318289,74.61704207229492,74.61704207229492,0.23742138364779874,0.04874213836477988,-125.92470035440246
2020,QB,passing_tds,636,0.7746182736208704,0.9823405824859247,0.6783959232309965,1.0074875360990245,1.0074875360990245,0.9937106918238994,0.8490566037735849,23.113860383803864
2020,QB,rushing_yards,636,12.150235952436574,15.952887792683683,8.61635126312017,12.49439240695581,12.49439240695581,0.9040880503144654,0.5047169811320755,2.7544873196686175
2021,QB,passing_yards,655,160.64858651620528,183.57339493435322,132.36594448773405,75.04834984946848,75.04834984946848,0.2366412213740458,0.04732824427480916,-114.06011836160718
2021,QB,passing_tds,655,0.7096506269383989,0.9196269697063199,0.6575931500795037,0.953803877106978,0.953803877106978,0.9908396946564886,0.899236641221374,25.59784626889235
2021,QB,rushing_yards,655,11.472099495691785,15.276225993203997,8.165100114885668,12.611266608714757,12.611266608714757,0.9297709923664123,0.5251908396946565,9.03293180905219
2022,QB,passing_yards,633,156.4580032052744,177.42945117102715,127.91518577706012,69.44244391994458,69.44244391994458,0.20695102685624012,0.044233807266982623,-125.30601513052171
2022,QB,passing_tds,633,0.7514683964535352,1.0084714080088417,0.6842810963543667,0.9505954679472742,0.9505954679472742,0.9794628751974723,0.8736176935229067,20.94761422792558
2022,QB,rushing_yards,633,13.333305273353911,18.257906295291416,9.422701036633054,13.440731752458388,13.440731752458388,0.8973143759873617,0.45339652448657186,0.7992606435645015
2023,QB,passing_yards,663,152.57594258402054,174.71300320805975,124.62886015476543,73.62330116159953,73.62330116159953,0.24283559577677225,0.05731523378582202,-107.23865974051319
2023,QB,passing_tds,663,0.716912300400823,0.971972383367718,0.6738403001270956,0.9186440281980015,0.9186440281980015,0.9819004524886877,0.889894419306184,21.959727773215103
2023,QB,rushing_yards,663,12.297695418983142,15.539927866748428,8.61437840183508,12.514653172065582,12.514653172065582,0.8974358974358975,0.4464555052790347,1.7336297706333499
2024,QB,passing_yards,664,151.16141906738972,172.70922369986928,123.08264868292063,72.39690770436597,72.39690770436597,0.23795180722891565,0.045180722891566265,-108.79540834072637
2024,QB,passing_tds,664,0.7905168444020306,1.0582680277354795,0.6978117359233673,0.9574946558116886,0.9574946558116886,0.9743975903614458,0.8704819277108434,17.43903325163808
2024,QB,rushing_yards,664,13.009500181156818,16.980139385684936,9.165212355103161,13.847522220304699,13.847522220304699,0.8795180722891566,0.44126506024096385,6.05178331412304
2025,QB,passing_yards,664,145.07948515268959,166.8409299573619,117.79811824546414,75.38997223980799,75.38997223980799,0.2620481927710843,0.07078313253012049,-92.4387035071537
2025,QB,passing_tds,664,0.8276585831337444,1.0999114987525305,0.7150677361063702,1.025835282223949,1.025835282223949,0.9698795180722891,0.8509036144578314,19.31856922103219
2025,QB,rushing_yards,664,12.82384244687301,15.628377110889133,8.847761290951924,12.624306355792603,12.624306355792603,0.8825301204819277,0.4367469879518072,-1.580570729645286
2019,RB,rushing_yards,1421,28.00308361902882,41.587402292856375,21.65756810469065,23.0217492841972,23.0217492841972,0.7178043631245602,0.3800140745953554,-21.637514479627125
2019,RB,carries,1421,3.6371361025745306,4.7880465981635005,3.062283800005968,3.8816740268718934,3.8816740268718934,0.9683321604503871,0.8332160450387052,6.299805769482078
2019,RB,rushing_tds,1421,0.286782723194205,0.4720215872299584,0.33802190467999343,0.3577646374428574,0.3577646374428574,0.9732582688247713,0.9078114004222378,19.84039416416323
2019,RB,receiving_yards,1421,9.52264060437676,14.981919907963292,7.465929269028144,12.6680959543834,12.6680959543834,0.8866995073891626,0.7656579873328642,24.829740486124546
2019,RB,receptions,1421,1.2423939047304056,1.8510753758851384,1.1208457544337078,1.3551243598190228,1.3551243598190228,0.9486277269528501,0.8268824771287826,8.318827292254744
2019,RB,receiving_tds,1421,0.0786217366016588,0.19351386881628463,0.15699129868291892,0.13847315025676615,0.13847315025676615,0.976073187895848,0.932441942294159,43.22239621480905
2019,RB,targets,1421,1.5270395141695783,2.2127028502655697,1.346368373240337,1.5928987430029047,1.5928987430029047,0.9591836734693877,0.8121041520056298,4.1345521253391
2020,RB,rushing_yards,1488,27.826755794374115,40.88467331772592,21.32989322341778,23.683790090047026,23.683790090047026,0.706989247311828,0.3588709677419355,-17.492832391164225
2020,RB,carries,1488,3.5672357910840127,4.73196358889998,3.034671314145145,4.310208911452909,4.310208911452909,0.9684139784946236,0.8393817204301075,17.237519935395678
2020,RB,rushing_tds,1488,0.3029125128920692,0.4973114848264487,0.34566212660863244,0.39289298404254125,0.39289298404254125,0.9663978494623656,0.8911290322580645,22.902030528681884
2020,RB,receiving_yards,1488,8.26496405400398,12.499330517886428,6.52835530952227,11.65329207370459,11.65329207370459,0.9106182795698925,0.8057795698924731,29.076144305576108
2020,RB,receptions,1488,1.139752844544637,1.6314522793278792,1.0480363925244467,1.3084139525525262,1.3084139525525262,0.9704301075268817,0.866263440860215,12.890500569705472
2020,RB,receiving_tds,1488,0.07398097485538672,0.18457148663478845,0.15486409151701927,0.12568134946744652,0.12568134946744652,0.9825268817204301,0.9408602150537635,41.136075345412344
2020,RB,targets,1488,1.3888421807990083,1.9754288130242401,1.263655069771376,1.5376130911892885,1.5376130911892885,0.9711021505376344,0.8393817204301075,9.675445093616572
2021,RB,rushing_yards,1511,27.47951400035332,40.12716850950078,20.98091179610894,23.366328197745755,23.366328197745755,0.7154202514890801,0.3587028457974851,-17.603047290093183
2021,RB,carries,1511,3.7120594203144965,4.966409514166761,3.1104920602047783,4.523806528436634,4.523806528436634,0.9616148246194574,0.8325612177365983,17.943895323982076
2021,RB,rushing_tds,1511,0.29203825056829114,0.46468755456439553,0.3374321353183883,0.3818953688440592,0.3818953688440592,0.972203838517538,0.9046988749172733,23.52925057660487
2021,RB,receiving_yards,1511,8.832009808675988,13.40251952471316,6.898886193705892,12.792989540171538,12.792989540171538,0.9027134348113832,0.7888815354070152,30.962111858667544
2021,RB,receptions,1511,1.1826315360297164,1.6958532101259816,1.074448434645151,1.4153586683948063,1.4153586683948063,0.9662475181998676,0.8477829252150894,16.442979264685718
2021,RB,receiving_tds,1511,0.08024624332984957,0.19743890368554212,0.15654475789508587,0.13641209565866666,0.13641209565866666,0.9761747187293184,0.9338186631369954,41.173659899893714
2021,RB,targets,1511,1.421945999414181,2.0286934495346656,1.2795066504594985,1.630958265044183,1.630958265044183,0.9682329583057577,0.8332230311052283,12.815304358774613
2022,RB,rushing_yards,1587,29.257564477403925,42.36368043955141,22.38516737711401,22.93606362638648,22.93606362638648,0.7038437303087587,0.31947069943289225,-27.561402662595334
2022,RB,carries,1587,3.5083694413209985,4.51970984334859,2.9586731151928656,4.054245874609256,4.054245874609256,0.9741650913673598,0.8720856962822936,13.464314947126105
2022,RB,rushing_tds,1587,0.30178034685207,0.4701776890645972,0.3378656718652743,0.3355836093838269,0.3355836093838269,0.9697542533081286,0.9130434782608695,10.072977817308745
2022,RB,receiving_yards,1587,10.865656506067522,16.751068345596718,8.328199847510367,11.07248955486767,11.07248955486767,0.8582230623818525,0.7429111531190926,1.86799046208375
2022,RB,receptions,1587,1.4321156083307223,2.1241022551591775,1.2251514532174173,1.2786969862041082,1.2786969862041082,0.9243856332703214,0.7611846250787649,-11.998043616419775
2022,RB,receiving_tds,1587,0.08609745612741398,0.2483397976850419,0.16599045870768478,0.11891881190465785,0.11891881190465785,0.947069943289225,0.947069943289225,27.59980128590429
2022,RB,targets,1587,1.8252243972119147,2.7000144059909537,1.5331416032427794,1.5034789266864577,1.5034789266864577,0.9193446754883428,0.77882797731569,-21.400065196427942
2023,RB,rushing_yards,1487,28.03383404741821,39.978323506889225,21.298078952010997,21.978668790110092,21.978668790110092,0.7061197041022192,0.34229993275050435,-27.550191120004534
2023,RB,carries,1487,3.4858946778214883,4.496314278153801,2.949977196153162,4.127965265881182,4.127965265881182,0.9791526563550773,0.8661735036987223,15.554166440463806
2023,RB,rushing_tds,1487,0.3079645709158036,0.4708992765666633,0.33913848797564494,0.3317054244239083,0.3317054244239083,0.9657027572293208,0.9172831203765972,7.157209909767627
2023,RB,receiving_yards,1487,10.965155325515608,16.901431560590638,8.453523114001126,11.440098954640089,11.440098954640089,0.8520511096166778,0.7296570275722932,4.151569239109105
2023,RB,receptions,1487,1.478896460412399,2.1190565609276746,1.236218810887025,1.2814016777996495,1.2814016777996495,0.9193006052454606,0.7323470073974445,-15.412402374240402
2023,RB,receiving_tds,1487,0.09099349386818997,0.24127858817936892,0.16632986428201574,0.1226641628678167,0.1226641628678167,0.9428379287155346,0.9428379287155346,25.819007164916734
2023,RB,targets,1487,1.8692379340161467,2.67080508697999,1.533645374375883,1.4808033236077034,1.4808033236077034,0.9139206455951581,0.7700067249495629,-26.231343772385262
2024,RB,rushing_yards,1524,29.243621320472045,43.07054009656084,22.682882774978612,23.064198827904562,23.064198827904562,0.7066929133858267,0.35039370078740156,-26.792270300285555
2024,RB,carries,1524,3.5187232865302405,4.560023859384822,2.965176407916954,4.130201390636107,4.130201390636107,0.9744094488188977,0.868766404199475,14.805043296246884
2024,RB,rushing_tds,1524,0.31979288436456377,0.4899972618214918,0.3450290958094142,0.3527198653651231,0.3527198653651231,0.9612860892388452,0.9127296587926509,9.335164881193894
2024,RB,receiving_yards,1524,10.813184234703646,16.280444261234706,8.255422708779005,10.994732231396302,10.994732231396302,0.8503937007874016,0.7493438320209974,1.6512270864972174
2024,RB,receptions,1524,1.3742625927062868,1.9668697549209515,1.1769222333744085,1.206491695190288,1.206491695190288,0.9304461942257218,0.7650918635170604,-13.905681919305543
2024,RB,receiving_tds,1524,0.08550514402342495,0.21902927882246595,0.16175418499763178,0.11342594304433617,0.11342594304433617,0.94750656167979,0.94750656167979,24.615884401329144
2024,RB,targets,1524,1.681998157552777,2.406671148966829,1.429635882426507,1.3900703140376325,1.3900703140376325,0.9337270341207349,0.7821522309711286,-21.000940784585467
2025,RB,rushing_yards,1578,29.245671923297145,42.409594536428145,22.392400090006372,21.866891886195255,21.866891886195255,0.7015209125475285,0.3041825095057034,-33.74407334844041
2025,RB,carries,1578,3.6165361577098873,4.569139609935226,2.9752726410105117,3.8903378241437028,3.8903378241437028,0.9803548795944234,0.858681875792142,7.037992041066037
2025,RB,rushing_tds,1578,0.3279102010434706,0.5163214945196501,0.3507789687478644,0.37202660816375555,0.37202660816375555,0.9575411913814955,0.8948035487959443,11.858401026215356
2025,RB,receiving_yards,1578,10.57538957487594,16.540409535241928,8.127546299976242,10.566985023388515,10.566985023388515,0.8681875792141952,0.7623574144486692,-0.07953594586178424
2025,RB,receptions,1578,1.3314260204762598,1.9783323139561186,1.169176940119211,1.1567896532708424,1.1567896532708424,0.926489226869455,0.7864385297845374,-15.096639800643974
2025,RB,receiving_tds,1578,0.10185358862781757,0.26224974409875434,0.17057826266724574,0.12981953172607738,0.12981953172607738,0.9397972116603295,0.9397972116603295,21.54216913774476
2025,RB,targets,1578,1.6450385002706078,2.462123350255458,1.4340894365247325,1.3493012100320694,1.3493012100320694,0.9315589353612167,0.8060836501901141,-21.917811089156995
2019,WR,receiving_yards,2222,30.676702123895957,45.54500771795858,24.656804299198058,25.971356507386098,25.971356507386098,0.6381638163816382,0.4405940594059406,-18.11744263404835
2019,WR,receptions,2222,1.1155085773777647,1.5835792310132646,1.2309131994393883,1.6088832434583806,1.6088832434583806,0.991899189918992,0.9194419441944195,30.66566005250205
2019,WR,receiving_tds,2222,0.21098960232906733,0.3907496287080923,0.2852826743825566,0.34329291146999324,0.34329291146999324,0.9788478847884788,0.8874887488748875,38.53948180124027
2019,WR,targets,2222,3.110795671994751,4.237036558659106,2.444876714503734,2.2140580832041263,2.2140580832041263,0.9135913591359136,0.6764176417641764,-40.501990241055
2019,WR,rushing_yards,2222,6.0485911416071545,6.336855100791312,3.8195547407661214,1.6966595978282668,1.6966595978282668,0.991899189918992,0.671017101710171,-256.49998086530627
2020,WR,receiving_yards,2357,31.637015035315628,45.83148980052221,25.194797672395357,25.419035475527508,25.419035475527508,0.6190072125583369,0.42002545608824776,-24.461902048858448
2020,WR,receptions,2357,1.200459803777785,1.6838053274468898,1.257721644255894,1.6851745665868259,1.6851745665868259,0.9906661009758168,0.9062367416207043,28.763474860102377
2020,WR,receiving_tds,2357,0.2262246530351913,0.3942506922274479,0.28749843299657774,0.3594712807696321,0.3594712807696321,0.9804836656767076,0.8722952906236742,37.06739171183808
2020,WR,targets,2357,3.1292754208576095,4.238659345105186,2.449083049258474,2.235252716029284,2.235252716029284,0.9155706406448876,0.6686465846414934,-39.99649339053137
2020,WR,rushing_yards,2357,6.090183123422347,6.681046563396811,3.872911752011922,1.8669466297114765,1.8669466297114765,0.9919389053882054,0.683920237590157,-226.21088500872366
2021,WR,receiving_yards,2483,29.06892376676077,42.98287265902931,23.18086886275869,24.155537077178362,24.155537077178362,0.6528393072895691,0.45469190495368506,-20.34062283063236
2021,WR,receptions,2483,1.1058756214557532,1.559411617509282,1.2237618123061498,1.6165483579284892,1.6165483579284892,0.9911397503020539,0.9275070479258961,31.590316118172474
2021,WR,receiving_tds,2483,0.2084350484222237,0.36857926301571753,0.28047543227027705,0.33168279540988155,0.33168279540988155,0.981876761981474,0.8920660491341119,37.158317734072625
2021,WR,targets,2483,2.9862698778617163,4.0916117041951,2.380457766245404,2.193432955716346,2.193432955716346,0.9182440596053162,0.6923076923076923,-36.14593826901083
2021,WR,rushing_yards,2483,6.114358695659855,6.598830195490855,3.885661556153027,1.7812983463264722,1.7812983463264722,0.9911397503020539,0.6580749093838099,-243.25292606201242
2022,WR,receiving_yards,2376,30.938334401659617,45.7151398509297,24.82605482960124,24.856509920885014,24.856509920885014,0.6283670033670034,0.4553872053872054,-24.46773300086073
2022,WR,receptions,2376,1.7923492673819157,2.552051420039125,1.5469638346413872,1.647445301101618,1.647445301101618,0.946969696969697,0.7861952861952862,-8.795676929813878
2022,WR,receiving_tds,2376,0.23687248258586557,0.45368407823906115,0.301820905156926,0.3169344189492058,0.3169344189492058,0.9789562289562289,0.8333333333333334,25.261357421760984
2022,WR,targets,2376,3.1541053705075464,4.348917728107076,2.495989377285237,2.1608039166575206,2.1608039166575206,0.8981481481481481,0.6784511784511784,-45.96906948347874
2022,WR,rushing_yards,2376,6.902035434183451,7.697723262607149,4.344765319092138,2.184548082568437,2.184548082568437,0.9768518518518519,0.4132996632996633,-215.94797520174177
2023,WR,receiving_yards,2459,30.129068398710125,46.02464717769049,24.282597934746175,23.591617811136157,23.591617811136157,0.6527043513623424,0.45953639690931275,-27.710904101235645
2023,WR,receptions,2459,1.723185643131821,2.475211249259419,1.514698809958085,1.5590536388631748,1.5590536388631748,0.950793005286702,0.8043920292801952,-10.527668848412903
2023,WR,receiving_tds,2459,0.24118045874465244,0.450759081943427,0.3016403236298632,0.3044459236396643,0.3044459236396643,0.9800732004880033,0.8251321675477836,20.780526189567738
2023,WR,targets,2459,3.071965849752818,4.269160148242523,2.4528378492726564,2.049618110802933,2.049618110802933,0.9080927206181375,0.6974379829198861,-49.87991341222987
2023,WR,rushing_yards,2459,6.819264388184247,7.3841993063282265,4.261893545434039,1.9158146645096845,1.9158146645096845,0.978039853599024,0.3859292395282635,-255.9459333155018
2024,WR,receiving_yards,2425,30.089868459477888,44.840408125595104,24.133069018693458,23.204645982084564,23.204645982084564,0.6457731958762887,0.4556701030927835,-29.67174109318085
2024,WR,receptions,2425,1.7526787554469774,2.512112590646952,1.5314806187893995,1.5325858486490553,1.5325858486490553,0.9468041237113402,0.7991752577319587,-14.360886014439561
2024,WR,receiving_tds,2425,0.26553615355187654,0.4869924264773108,0.3134438208726001,0.3445662634822181,0.3445662634822181,0.9711340206185567,0.8090721649484536,22.936113690195914
2024,WR,targets,2425,3.0928478436300466,4.295748659939969,2.4617012023288445,2.1024440554909747,2.1024440554909747,0.9105154639175258,0.6936082474226805,-47.10726002684467
2024,WR,rushing_yards,2425,6.746210376933093,7.052580153824489,4.187429152401377,1.6280840500413225,1.6280840500413225,0.9835051546391752,0.32989690721649484,-314.36499404080934
2025,WR,receiving_yards,2500,27.25751257057549,41.66153556884956,21.921973327082906,22.704998375092448,22.704998375092448,0.6868,0.4848,-20.050713592990977
2025,WR,receptions,2500,1.584293833660601,2.2823056767142087,1.4414476471422288,1.4801105623414055,1.4801105623414055,0.962,0.8336,-7.038884389446329
2025,WR,receiving_tds,2500,0.23989053923718642,0.4473722595077036,0.3006165397673238,0.30657739445633386,0.30657739445633386,0.9796,0.8344,21.7520457884398
2025,WR,targets,2500,2.8233872645413105,3.978204494747298,2.319213458587435,2.037906526297111,2.037906526297111,0.9216,0.7348,-38.5435115942939
2025,WR,rushing_yards,2500,6.631371251699229,6.977381439574136,4.124079301425,1.4585443631656616,1.4585443631656616,0.99,0.3316,-354.65680847076413
2019,TE,receiving_yards,1100,13.189104920453985,21.367753211417075,10.725905177011436,17.270249475868376,17.270249475868376,0.8281818181818181,0.6718181818181819,23.631068914881347
2019,TE,receptions,1100,0.9546072516602498,1.4703080981355645,1.0542062997499666,1.3819373598684368,1.3819373598684368,0.980909090909091,0.9072727272727272,30.922538214674915
2019,TE,receiving_tds,1100,0.18804542259321538,0.38076560975333745,0.26135187520692665,0.3144969707033432,0.3144969707033432,0.980909090909091,0.8427272727272728,40.20755679373658
2019,TE,targets,1100,2.199457763602731,3.2632666538756756,1.858736728075925,1.7366018785598076,1.7366018785598076,0.9118181818181819,0.7490909090909091,-26.652964663770685
2020,TE,receiving_yards,1171,13.243230856462878,21.395543014740326,10.582910142924517,17.12984810746016,17.12984810746016,0.829205807002562,0.6549957301451751,22.689151862967393
2020,TE,receptions,1171,0.9755050825065809,1.485034820159239,1.0562750140791637,1.4008972808848081,1.4008972808848081,0.9837745516652434,0.910333048676345,30.36569519997563
2020,TE,receiving_tds,1171,0.20466920700360608,0.3914575234661554,0.26516757221320364,0.3235489697327453,0.3235489697327453,0.9846285226302306,0.8215200683176772,36.7424327845442
2020,TE,targets,1171,2.2565403358727343,3.3359851202192137,1.89027491592975,1.742326423702378,1.742326423702378,0.9171648163962425,0.7301451750640479,-29.513063980150818
2021,TE,receiving_yards,1207,13.259305792954937,21.79114939609067,10.630583939812821,17.392988128557143,17.392988128557143,0.8334714167357083,0.6528583264291632,23.766372431515713
2021,TE,receptions,1207,0.9858158979303316,1.443322216591133,1.0479531031038776,1.3787489774819373,1.3787489774819373,0.9859154929577465,0.9138359569179785,28.499247213893465
2021,TE,receiving_tds,1207,0.18319098287897012,0.36846589566028803,0.25724386000710264,0.2858130557794684,0.2858130557794684,0.9809444904722452,0.8525269262634632,35.90531321972949
2021,TE,targets,1207,2.2215566879791817,3.238602523704467,1.850188809818834,1.685623529311368,1.685623529311368,0.9113504556752279,0.7290803645401823,-31.79435676759685
2022,TE,receiving_yards,1222,15.478300130942733,23.839647921543147,12.083936982004134,16.865572949590476,16.865572949590476,0.7995090016366612,0.6104746317512275,8.225471039698228
2022,TE,receptions,1222,1.225147911269259,1.7659875737108524,1.1477683690638314,1.3766412750854167,1.3766412750854167,0.9705400981996727,0.8592471358428805,11.004563538657376
2022,TE,receiving_tds,1222,0.20290868548323565,0.4382911117369985,0.2735807800849225,0.28048687375298437,0.28048687375298437,0.9779050736497545,0.8625204582651391,27.658402417101808
2022,TE,targets,1222,2.0356957179622523,3.059767357819279,1.7733094941046867,1.6688490670145846,1.6688490670145846,0.9230769230769231,0.7643207855973814,-21.98201492265099
2023,TE,receiving_yards,1202,15.957132672866857,24.256045003871503,12.365680466656409,16.303741163854415,16.303741163854415,0.7795341098169717,0.5848585690515807,2.1259445148454215
2023,TE,receptions,1202,1.325064634358125,1.8981668593045629,1.1929210681684812,1.3540637492445171,1.3540637492445171,0.9642262895174709,0.8361064891846922,2.1416358648233413
2023,TE,receiving_tds,1202,0.18695067314694722,0.3880223732038957,0.2611318952207793,0.26133849380523655,0.26133849380523655,0.9875207986688852,0.8693843594009983,28.464165219275785
2023,TE,targets,1202,2.1624268351826417,3.1884309705039606,1.830190330889734,1.654548094157791,1.654548094157791,0.910981697171381,0.7412645590682196,-30.69591889278833
2024,TE,receiving_yards,1235,15.943349033723985,24.685001040865902,12.479950541873679,16.911775314371585,16.911775314371585,0.7870445344129555,0.6234817813765182,5.726343110912986
2024,TE,receptions,1235,1.358566224175719,2.0246493073960035,1.2321276122917946,1.4682022423135797,1.4682022423135797,0.9489878542510122,0.8299595141700404,7.46736484784938
2024,TE,receiving_tds,1235,0.18760450248928112,0.37336892281326445,0.25837810810252254,0.23927318715917062,0.23927318715917062,0.988663967611336,0.8672064777327935,21.594013639112088
2024,TE,targets,1235,2.1518818354941796,3.2973430088418354,1.8586881228055885,1.705211230571991,1.705211230571991,0.9109311740890689,0.7595141700404858,-26.19444423740738
2025,TE,receiving_yards,1301,15.497697668436079,24.11763288605631,12.039013636222053,16.10566159022272,16.10566159022272,0.8078401229823213,0.601076095311299,3.7748459967376857
2025,TE,receptions,1301,1.3004372656326133,1.8843679175154586,1.1921836847324339,1.3744502630751585,1.3744502630751585,0.9607993850883936,0.8447348193697156,5.384916386639592
2025,TE,receiving_tds,1301,0.22307791383240638,0.4408238076565711,0.2773708028129792,0.2846649794724368,0.2846649794724368,0.9807840122982321,0.8431975403535742,21.634928804438232
2025,TE,targets,1301,2.1283006565523825,3.099896021980885,1.792341682473271,1.6356444054628585,1.6356444054628585,0.9208301306687163,0.7532667179093006,-30.12000954755878
